{"stats":{"minecraft:dropped":{"mysticalagriculture:inferium_essence":1,"apotheosis:gem":1,"tombstone:gift":1,"delightful:acorn":3,"patchouli:guide_book":1,"railcraft:sulfur_dust":10,"deepresonance:resonating_ore_deepslate":3,"bossominium:the_bossdexium":1},"minecraft:mined":{"minecraft:coal_ore":10,"minecraft:oak_log":107,"railcraft:sulfur_ore":7,"alltheores:aluminum_ore":58,"minecraft:stone":55,"minecraft:wall_torch":1},"minecraft:killed":{"minecraft:zombie":3,"minecraft:pig":2,"born_in_chaos_v1:zombie_lumberjack":1,"minecraft:spider":1,"born_in_chaos_v1:decrepit_skeleton":1},"minecraft:crafted":{"minecraft:oak_planks":28,"minecraft:stone_shovel":1,"minecraft:crafting_table":1,"minecraft:stick":26,"minecraft:wooden_pickaxe":1,"minecraft:stone_pickaxe":2,"minecraft:furnace":4,"minecraft:torch":15,"crafting_on_a_stick:crafting_table":1,"minecraft:stone_axe":1,"mekanismtools:stone_paxel":1,"minecraft:air":220},"minecraft:used":{"minecraft:apple":2,"minecraft:stone_pickaxe":72,"minecraft:wooden_pickaxe":59,"mekanismtools:stone_paxel":110,"minecraft:torch":1,"minecraft:furnace":4,"minecraft:cooked_beef":1},"minecraft:picked_up":{"apotheosis:gem":1,"railcraft:sulfur_dust":25,"minecraft:torch":1,"minecraft:porkchop":4,"minecraft:oak_log":107,"minecraft:cherry_log":4,"minecraft:string":2,"minecraft:bone":1,"minecraft:rotten_flesh":4,"minecraft:apple":1,"mysticalagriculture:inferium_essence":3,"waystones:waystone":1,"alltheores:raw_aluminum":58,"delightful:acorn":3,"minecraft:iron_ingot":1,"minecraft:oak_sapling":2,"twigs:twig":5,"minecraft:coal":10,"minecraft:cobblestone":55},"minecraft:broken":{"minecraft:wooden_pickaxe":1},"minecraft:killed_by":{"minecraft:creeper":1},"minecraft:custom":{"minecraft:time_since_rest":2080,"minecraft:interact_with_furnace":3,"minecraft:sprint_one_cm":29149,"minecraft:damage_taken":507,"minecraft:walk_one_cm":18376,"minecraft:mob_kills":8,"minecraft:drop":8,"minecraft:damage_dealt":2233,"minecraft:fly_one_cm":53789,"minecraft:deaths":1,"minecraft:crouch_one_cm":75,"minecraft:play_time":9044,"tombstone:undead_killed":5,"minecraft:sneak_time":21,"minecraft:damage_dealt_resisted":40,"minecraft:jump":209,"minecraft:time_since_death":2496,"minecraft:total_world_time":9044,"minecraft:fall_one_cm":6504}},"DataVersion":3465}