{"stats":{"minecraft:broken":{"minecraft:wooden_pickaxe":1},"minecraft:killed_by":{"minecraft:skeleton":1,"minecraft:zombie":1},"minecraft:custom":{"minecraft:interact_with_furnace":44,"minecraft:mob_kills":19,"minecraft:damage_dealt_resisted":0,"minecraft:leave_game":1,"minecraft:time_since_death":6259,"minecraft:time_since_rest":6095,"minecraft:sprint_one_cm":139328,"minecraft:damage_taken":2211,"minecraft:walk_one_cm":60217,"minecraft:drop":47,"minecraft:damage_dealt":2858,"minecraft:swim_one_cm":2281,"minecraft:fly_one_cm":98133,"minecraft:crouch_one_cm":104,"tombstone:undead_killed":10,"minecraft:play_time":31513,"minecraft:deaths":2,"minecraft:sneak_time":39,"minecraft:walk_under_water_one_cm":156,"minecraft:jump":486,"minecraft:walk_on_water_one_cm":223,"minecraft:total_world_time":31513,"minecraft:fall_one_cm":14522},"minecraft:dropped":{"minecraft:wheat_seeds":1,"minecraft:oak_log":1,"sushigocrafting:wasabi_seeds":3,"tombstone:gift":1,"scalinghealth:heart_crystal_shard":3,"eidolon:tattered_cloth":4,"minecraft:leather":1,"delightful:green_tea_leaf":3,"patchouli:guide_book":1,"minecraft:dirt":10,"supplementaries:ash":1,"mysticalagriculture:inferium_essence":4,"minecraft:rose_bush":4,"minecraft:oak_sapling":14,"tombstone:grave_dust":1,"delightful:acorn":4,"minecraft:arrow":3,"minecraft:bow":2,"minecolonies:durum":1,"immersiveengineering:seed":5,"twigs:twig":7,"minecraft:bone":2},"minecraft:mined":{"minecraft:torch":2,"minecraft:rose_bush":3,"ars_nouveau:purple_archwood_sapling":1,"minecraft:cobblestone":1,"minecraft:furnace":6,"minecraft:iron_ore":2,"minecraft:pumpkin":4,"minecraft:grass":1,"minecraft:oak_log":36,"minecraft:coal_ore":16,"integrateddynamics:drying_basin":1,"minecraft:stone":59,"ars_nouveau:purple_archwood_log":64,"minecraft:oak_leaves":1},"minecraft:killed":{"minecraft:pig":4,"irons_spellbooks:summoned_zombie":1,"minecraft:sheep":2,"minecraft:skeleton":2,"eidolon:wraith":3,"minecraft:zombie":4,"minecraft:chicken":1},"minecraft:used":{"minecraft:trident":1,"eidolon:zombie_heart":1,"potionsmaster:bezoar":1,"minecraft:wooden_pickaxe":59,"mekanismtools:stone_paxel":136,"integrateddynamics:drying_basin":1,"minecraft:torch":2,"scalinghealth:heart_crystal":1,"ars_nouveau:bastion_pod":1,"minecraft:apple":1,"silentgear:pickaxe":18,"minecraft:cobblestone":1,"minecraft:furnace":6,"minecraft:cooked_porkchop":1,"tombstone:gift":2,"minecraft:cooked_beef":9},"minecraft:picked_up":{"minecraft:birch_log":1,"minecraft:feather":1,"minecraft:cooked_beef":1,"integrateddynamics:drying_basin":1,"minecraft:chicken":1,"minecraft:oak_log":36,"scalinghealth:heart_crystal":1,"minecraft:dirt":10,"bhc:red_heart":1,"minecraft:bone":2,"sushigocrafting:wasabi_seeds":3,"minecraft:apple":1,"minecraft:bow":2,"mysticalagriculture:inferium_essence":4,"delightful:acorn":4,"eidolon:zombie_heart":1,"minecraft:rose_bush":4,"minecraft:light_gray_wool":1,"twigs:twig":17,"delightful:green_tea_leaf":3,"minecraft:oak_planks":59,"minecraft:furnace":4,"minecraft:egg":3,"ars_nouveau:purple_archwood_log":64,"minecraft:raw_iron":2,"scalinghealth:heart_crystal_shard":3,"minecraft:pumpkin":4,"minecraft:torch":2,"potionsmaster:bezoar":1,"ars_nouveau:purple_archwood_sapling":2,"minecraft:porkchop":8,"ars_nouveau:bastion_pod":1,"minecolonies:durum":1,"minecraft:trident":1,"minecraft:bundle":1,"eidolon:tattered_cloth":4,"minecraft:arrow":3,"minecraft:rotten_flesh":5,"immersiveengineering:seed":5,"supplementaries:ash":1,"minecraft:oak_sapling":14,"minecraft:mutton":2,"minecraft:coal":74,"minecraft:white_wool":1,"minecraft:cobblestone":60},"minecraft:crafted":{"minecraft:black_dye":2,"silentgear:pickaxe":1,"minecraft:oak_planks":25,"minecraft:stone_shovel":1,"minecraft:cooked_porkchop":8,"minecraft:crafting_table":1,"minecraft:wooden_pickaxe":1,"minecraft:cooked_chicken":1,"integrateddynamics:drying_basin":1,"minecraft:furnace":4,"crafting_on_a_stick:crafting_table":1,"minecraft:stone_axe":1,"mekanismtools:stone_paxel":1,"minecraft:cooked_mutton":2,"minecraft:air":122,"farmersdelight:fried_egg":2,"minecraft:charcoal":2,"minecraft:stick":11,"minecraft:iron_ingot":2,"minecraft:stone_pickaxe":2}},"DataVersion":3465}