{"stats":{"minecraft:custom":{"minecraft:time_since_rest":7513,"minecraft:crouch_one_cm":11,"minecraft:sprint_one_cm":4940,"minecraft:play_time":7513,"minecraft:damage_taken":240,"minecraft:walk_one_cm":6239,"minecraft:sneak_time":2,"minecraft:mob_kills":1,"minecraft:drop":11,"minecraft:jump":24,"minecraft:damage_dealt":20,"minecraft:leave_game":1,"minecraft:time_since_death":7513,"minecraft:total_world_time":7513,"minecraft:fall_one_cm":1370,"minecraft:fly_one_cm":2996},"minecraft:dropped":{"delightful:acorn":2,"delightful:green_tea_leaf":2,"minecraft:arrow":1,"minecraft:bow":1,"patchouli:guide_book":1,"twigs:twig":7,"minecraft:bone":2,"minecraft:oak_sapling":8},"minecraft:mined":{"minecraft:oak_log":8},"minecraft:used":{"minecraft:apple":1},"minecraft:picked_up":{"minecraft:bone":2,"bhc:red_heart":1,"minecraft:arrow":1,"minecraft:apple":1,"minecraft:bow":1,"delightful:acorn":2,"minecraft:oak_log":8,"minecraft:oak_sapling":8,"twigs:twig":14,"delightful:green_tea_leaf":2},"minecraft:crafted":{"minecraft:oak_planks":8,"crafting_on_a_stick:crafting_table":1,"minecraft:crafting_table":1,"minecraft:wooden_pickaxe":1,"minecraft:stick":7,"minecraft:air":46}},"DataVersion":3465}