{"stats":{"minecraft:broken":{"mekanismtools:stone_paxel":1,"minecraft:wooden_pickaxe":1,"gtceu:aluminium_axe":1,"minecraft:stone_pickaxe":1,"minecraft:iron_axe":1},"minecraft:used":{"minecraft:torch":1,"scalinghealth:heart_crystal":5,"gtceu:aluminium_axe":768,"ars_nouveau:bastion_pod":3,"minecraft:blue_orchid":1,"minecraft:iron_axe":250,"scalinghealth:power_crystal":1,"minecraft:furnace":11,"minecraft:egg":1,"minecraft:cooked_beef":8,"gtceu:aluminium_sword":53,"minecraft:stone_pickaxe":131,"minecraft:baked_potato":2,"minecraft:wooden_pickaxe":59,"mekanismtools:stone_paxel":191,"integrateddynamics:drying_basin":1,"scalinghealth:cursed_heart":1,"waystones:waystone":1,"minecraft:apple":2,"minecraft:iron_pickaxe":104,"minecraft:turtle_helmet":1,"minecraft:cooked_porkchop":2,"minecraft:yellow_bed":1,"minecraft:oak_boat":2},"minecraft:dropped":{"minecraft:cherry_log":4,"born_in_chaos_v1:fried_maggot":4,"gtceu:aluminium_axe":1,"minecraft:crafting_table":1,"delightful:green_tea_leaf":7,"bossominium:the_bossdexium":1,"caupona:fig":3,"biomesoplenty:fir_sapling":43,"minecraft:stick":52,"born_in_chaos_v1:monster_flesh":1,"minecraft:dirt":1,"born_in_chaos_v1:monster_skin":1,"tombstone:grave_dust":4,"delightful:acorn":4,"minecraft:pumpkin":1,"gtceu:aluminium_sword":1,"minecraft:spruce_sapling":3,"sushigocrafting:soy_seeds":1,"railcraft:sulfur_dust":10,"twigs:twig":1,"minecraft:bone":7,"tombstone:gift":2,"minecraft:rotten_flesh":4,"minecraft:oak_planks":142,"sophisticatedbackpacks:backpack":2,"patchouli:guide_book":1,"deepresonance:resonating_ore_deepslate":3,"crafting_on_a_stick:crafting_table":3,"minecraft:potato":1,"supplementaries:cartographers_quill":1,"minecraft:flower_pot":1,"minecraft:gunpowder":2,"evilcraft:ender_tear":1,"mysticalagriculture:inferium_essence":11,"born_in_chaos_v1:corpse_maggot":1,"apotheosis:gem":1,"minecraft:oak_sapling":24,"minecraft:arrow":2,"minecraft:blue_orchid":1,"minecraft:wooden_pickaxe":1,"immersiveengineering:seed":4},"minecraft:custom":{"lootr:looted_stat":5,"minecraft:mob_kills":43,"minecraft:damage_dealt_resisted":213,"minecraft:time_since_death":24084,"minecraft:climb_one_cm":2636,"minecraft:damage_resisted":0,"minecraft:sprint_one_cm":170747,"minecraft:walk_one_cm":109647,"minecraft:drop":70,"minecraft:damage_dealt_absorbed":40,"minecraft:talked_to_villager":2,"minecraft:play_time":59252,"minecraft:deaths":3,"minecraft:sneak_time":363,"minecraft:walk_under_water_one_cm":3736,"minecraft:jump":1179,"minecraft:walk_on_water_one_cm":3006,"minecraft:total_world_time":59252,"minecraft:interact_with_furnace":111,"minecraft:time_since_rest":22749,"minecraft:waystone_activated":1,"minecraft:damage_taken":1851,"minecraft:damage_absorbed":1728,"minecraft:damage_dealt":9047,"minecraft:swim_one_cm":23996,"minecraft:fly_one_cm":304033,"minecraft:crouch_one_cm":1573,"tombstone:undead_killed":21,"minecraft:fall_one_cm":36002},"minecraft:crafted":{"minecraft:black_dye":2,"delightful:cantaloupe_slice":6,"minecraft:oak_planks":63,"minecraft:stone_shovel":1,"minecraft:rotten_flesh":1,"alltheores:aluminum_ingot":62,"minecraft:furnace":8,"croptopia:toast":13,"alltheores:copper_ore_hammer":1,"sophisticatedbackpacks:copper_backpack":1,"gtceu:aluminium_file":1,"born_in_chaos_v1:fried_maggot":2,"minecraft:stone_pickaxe":2,"minecraft:chest":2,"minecraft:copper_block":2,"scalinghealth:power_crystal":1,"gtceu:aluminium_axe":2,"silentgear:dried_sinew":2,"sophisticatedbackpacks:backpack":2,"minecraft:cooked_porkchop":6,"silentgear:sinew_fiber":2,"minecraft:crafting_table":2,"minecraft:wooden_pickaxe":1,"integrateddynamics:drying_basin":1,"gtceu:aluminium_mining_hammer":1,"minecraft:copper_ingot":27,"gtceu:aluminium_hammer":1,"crafting_on_a_stick:crafting_table":2,"minecraft:stone_axe":1,"mekanismtools:stone_paxel":1,"minecraft:air":489,"minecraft:blue_dye":9,"minecraft:oak_boat":2,"minecraft:charcoal":2,"naturescompass:naturescompass":1,"minecraft:stick":65,"minecraft:iron_ingot":6,"minecraft:compass":1,"alltheores:iron_dust":3,"minecraft:torch":15,"alltheores:aluminum_plate":16,"gtceu:aluminium_sword":2},"minecraft:killed_by":{"minecraft:creeper":1,"born_in_chaos_v1:supreme_bonescaller":1,"minecraft:zombie":1},"minecraft:mined":{"minecraft:potted_blue_orchid":1,"biomesoplenty:bush":1,"railcraft:sulfur_ore":7,"minecraft:redstone_wire":28,"minecraft:spruce_leaves":64,"minecraft:tall_seagrass":1,"minecraft:furnace":7,"minecraft:iron_ore":6,"minecraft:pumpkin":4,"minecraft:bookshelf":19,"integrateddynamics:drying_basin":1,"alltheores:aluminum_ore":64,"minecraft:stone":65,"ars_nouveau:purple_archwood_log":64,"minecraft:cornflower":9,"minecraft:tall_grass":3,"caupona:fig_fruits":1,"minecraft:copper_ore":17,"minecraft:wall_torch":1,"delightful:cantaloupe":6,"minecraft:birch_leaves":58,"minecraft:yellow_bed":1,"biomesoplenty:fir_log":1065,"minecraft:grass":1,"minecraft:oak_log":107,"minecraft:coal_ore":135,"minecraft:dirt":1,"minecraft:oak_leaves":64},"minecraft:killed":{"born_in_chaos_v1:zombie_lumberjack":1,"born_in_chaos_v1:skeleton_demoman":1,"minecraft:spider":1,"born_in_chaos_v1:zombie_bruiser":1,"born_in_chaos_v1:maggot":4,"minecraft:skeleton":2,"minecraft:pig":4,"born_in_chaos_v1:bone_imp_minion":1,"born_in_chaos_v1:baby_skeleton":1,"born_in_chaos_v1:decrepit_skeleton":2,"minecraft:sheep":3,"minecraft:zombie":12,"born_in_chaos_v1:dread_hound":1,"born_in_chaos_v1:corpse_fly":1,"minecraft:enderman":1,"minecraft:cow":7},"minecraft:picked_up":{"minecraft:crafting_table":1,"minecraft:flower_pot":1,"minecraft:turtle_helmet":1,"minecraft:wooden_pickaxe":1,"sushigocrafting:soy_seeds":1,"minecraft:cornflower":9,"silentgear:sinew":4,"minecraft:string":2,"evilcraft:ender_tear":1,"minecraft:raw_copper":104,"minecraft:iron_axe":1,"minecraft:blue_orchid":2,"mysticalagriculture:inferium_essence":10,"reliquary:zombie_heart":1,"delightful:acorn":4,"minecraft:beef":12,"minecraft:iron_pickaxe":2,"delightful:green_tea_leaf":7,"minecraft:furnace":3,"minecraft:egg":1,"minecraft:raw_iron":6,"apotheosis:gem":1,"ars_nouveau:purple_archwood_log":64,"railcraft:sulfur_dust":25,"minecraft:torch":1,"potionsmaster:bezoar":3,"sophisticatedbackpacks:backpack":1,"ars_nouveau:purple_archwood_sapling":3,"minecraft:porkchop":6,"minecraft:cherry_log":4,"tombstone:grave_dust":5,"minecraft:redstone":28,"crafting_on_a_stick:crafting_table":2,"born_in_chaos_v1:fried_maggot":2,"minecraft:arrow":4,"minecraft:rotten_flesh":22,"minecraft:mutton":3,"minecraft:white_wool":3,"minecraft:cobblestone":65,"born_in_chaos_v1:corpse_maggot":3,"integrateddynamics:drying_basin":1,"born_in_chaos_v1:monster_flesh":1,"minecraft:leather":15,"minecraft:potato":1,"biomesoplenty:fir_sapling":43,"biomesoplenty:fir_log":859,"caupona:fig":3,"delightful:cantaloupe":6,"minecraft:oak_log":150,"minecraft:yellow_bed":1,"minecraft:gunpowder":2,"scalinghealth:heart_crystal":5,"minecraft:dirt":1,"born_in_chaos_v1:monster_skin":1,"minecraft:bone":7,"minecraft:apple":1,"minecraft:iron_ingot":1,"scalinghealth:power_crystal_shard":12,"twigs:twig":45,"minecraft:oak_planks":71,"minecraft:book":57,"scalinghealth:heart_crystal_shard":4,"minecraft:pumpkin":5,"ars_nouveau:bastion_pod":3,"minecraft:spruce_sapling":3,"artifacts:scarf_of_invisibility":1,"minecraft:bundle":1,"forbidden_arcanus:ender_pearl_fragment":2,"immersiveengineering:seed":4,"waystones:waystone":2,"alltheores:raw_aluminum":64,"scalinghealth:cursed_heart":1,"tombstone:magic_scroll":1,"minecraft:oak_sapling":16,"minecraft:coal":135,"minecraft:ender_pearl":1}},"DataVersion":3465}