{"stats":{"minecraft:broken":{"minecraft:stone_pickaxe":1,"minecraft:wooden_pickaxe":1},"minecraft:dropped":{"minecraft:cherry_log":4,"gtceu:aluminium_axe":1,"minecraft:crafting_table":1,"tombstone:gift":2,"minecraft:oak_planks":142,"sophisticatedbackpacks:backpack":2,"patchouli:guide_book":1,"deepresonance:resonating_ore_deepslate":3,"bossominium:the_bossdexium":1,"minecraft:dirt":1,"crafting_on_a_stick:crafting_table":3,"minecraft:gunpowder":2,"mysticalagriculture:inferium_essence":6,"apotheosis:gem":1,"minecraft:oak_sapling":23,"delightful:acorn":3,"minecraft:arrow":2,"minecraft:wooden_pickaxe":1,"gtceu:aluminium_sword":1,"railcraft:sulfur_dust":10,"minecraft:bone":3},"minecraft:used":{"gtceu:aluminium_sword":14,"minecraft:stone_pickaxe":131,"minecraft:wooden_pickaxe":59,"mekanismtools:stone_paxel":163,"integrateddynamics:drying_basin":1,"minecraft:torch":1,"scalinghealth:heart_crystal":5,"minecraft:apple":2,"minecraft:iron_axe":1,"minecraft:iron_pickaxe":83,"minecraft:turtle_helmet":1,"minecraft:furnace":11,"minecraft:cooked_porkchop":1,"minecraft:cooked_beef":5},"minecraft:custom":{"minecraft:interact_with_furnace":79,"minecraft:mob_kills":26,"minecraft:damage_dealt_resisted":213,"minecraft:time_since_death":84,"minecraft:damage_resisted":0,"minecraft:time_since_rest":1,"minecraft:sprint_one_cm":75508,"minecraft:damage_absorbed":1728,"minecraft:damage_taken":1547,"minecraft:walk_one_cm":67425,"minecraft:drop":32,"minecraft:damage_dealt":5788,"minecraft:damage_dealt_absorbed":40,"minecraft:swim_one_cm":3879,"minecraft:talked_to_villager":2,"minecraft:fly_one_cm":148005,"minecraft:crouch_one_cm":1153,"minecraft:play_time":35252,"minecraft:sneak_time":225,"tombstone:undead_killed":17,"minecraft:deaths":3,"minecraft:walk_under_water_one_cm":3199,"minecraft:jump":581,"minecraft:walk_on_water_one_cm":1380,"minecraft:total_world_time":35252,"minecraft:fall_one_cm":17968},"minecraft:crafted":{"minecraft:black_dye":2,"minecraft:oak_planks":60,"minecraft:stone_shovel":1,"minecraft:rotten_flesh":1,"sophisticatedbackpacks:backpack":2,"minecraft:cooked_porkchop":6,"alltheores:aluminum_ingot":62,"minecraft:crafting_table":2,"silentgear:sinew_fiber":2,"minecraft:wooden_pickaxe":1,"integrateddynamics:drying_basin":1,"gtceu:aluminium_mining_hammer":1,"minecraft:furnace":8,"minecraft:copper_ingot":27,"gtceu:aluminium_hammer":1,"crafting_on_a_stick:crafting_table":2,"minecraft:stone_axe":1,"mekanismtools:stone_paxel":1,"minecraft:air":369,"alltheores:copper_ore_hammer":1,"sophisticatedbackpacks:copper_backpack":1,"minecraft:charcoal":2,"gtceu:aluminium_file":1,"born_in_chaos_v1:fried_maggot":2,"minecraft:stick":26,"minecraft:iron_ingot":6,"minecraft:stone_pickaxe":2,"minecraft:chest":2,"alltheores:iron_dust":3,"minecraft:copper_block":2,"minecraft:torch":15,"alltheores:aluminum_plate":16,"gtceu:aluminium_axe":2,"silentgear:dried_sinew":2,"gtceu:aluminium_sword":2},"minecraft:killed_by":{"minecraft:creeper":1,"minecraft:zombie":1,"born_in_chaos_v1:supreme_bonescaller":1},"minecraft:mined":{"biomesoplenty:bush":1,"railcraft:sulfur_ore":7,"minecraft:copper_ore":17,"minecraft:wall_torch":1,"minecraft:furnace":7,"minecraft:iron_ore":6,"minecraft:coal_ore":116,"minecraft:oak_log":107,"minecraft:dirt":1,"integrateddynamics:drying_basin":1,"alltheores:aluminum_ore":64,"minecraft:stone":65},"minecraft:killed":{"minecraft:pig":4,"born_in_chaos_v1:bone_imp_minion":1,"born_in_chaos_v1:zombie_lumberjack":1,"born_in_chaos_v1:baby_skeleton":1,"born_in_chaos_v1:skeleton_demoman":1,"minecraft:spider":1,"born_in_chaos_v1:zombie_bruiser":1,"born_in_chaos_v1:decrepit_skeleton":1,"born_in_chaos_v1:maggot":3,"minecraft:skeleton":1,"minecraft:zombie":10,"born_in_chaos_v1:corpse_fly":1},"minecraft:picked_up":{"born_in_chaos_v1:corpse_maggot":3,"minecraft:crafting_table":1,"integrateddynamics:drying_basin":1,"minecraft:turtle_helmet":1,"minecraft:leather":5,"minecraft:wooden_pickaxe":1,"minecraft:oak_log":150,"minecraft:gunpowder":2,"scalinghealth:heart_crystal":5,"minecraft:string":2,"silentgear:sinew":2,"minecraft:dirt":1,"minecraft:raw_copper":104,"minecraft:iron_axe":1,"minecraft:bone":3,"minecraft:apple":1,"mysticalagriculture:inferium_essence":6,"reliquary:zombie_heart":1,"delightful:acorn":3,"minecraft:iron_ingot":1,"scalinghealth:power_crystal_shard":5,"minecraft:iron_pickaxe":2,"twigs:twig":5,"minecraft:oak_planks":71,"minecraft:furnace":3,"apotheosis:gem":1,"minecraft:raw_iron":6,"railcraft:sulfur_dust":25,"minecraft:torch":1,"sophisticatedbackpacks:backpack":1,"minecraft:porkchop":6,"minecraft:cherry_log":4,"tombstone:grave_dust":2,"crafting_on_a_stick:crafting_table":2,"minecraft:bundle":1,"minecraft:arrow":2,"minecraft:rotten_flesh":17,"waystones:waystone":1,"alltheores:raw_aluminum":64,"tombstone:magic_scroll":1,"minecraft:oak_sapling":11,"minecraft:coal":116,"minecraft:cobblestone":65}},"DataVersion":3465}