{"stats":{"minecraft:broken":{"mekanismtools:stone_paxel":1,"minecraft:wooden_pickaxe":1,"gtceu:aluminium_axe":1,"minecraft:stone_pickaxe":1,"minecraft:iron_axe":1},"minecraft:used":{"minecraft:torch":1,"scalinghealth:heart_crystal":5,"gtceu:aluminium_axe":768,"ars_nouveau:bastion_pod":3,"minecraft:iron_axe":250,"minecraft:furnace":11,"minecraft:egg":1,"minecraft:cooked_beef":8,"gtceu:aluminium_sword":18,"minecraft:stone_pickaxe":131,"minecraft:wooden_pickaxe":59,"mekanismtools:stone_paxel":191,"integrateddynamics:drying_basin":1,"scalinghealth:cursed_heart":1,"minecraft:apple":2,"minecraft:iron_pickaxe":103,"minecraft:turtle_helmet":1,"minecraft:cooked_porkchop":1,"minecraft:oak_boat":2},"minecraft:dropped":{"minecraft:cherry_log":4,"born_in_chaos_v1:fried_maggot":4,"gtceu:aluminium_axe":1,"minecraft:crafting_table":1,"delightful:green_tea_leaf":2,"bossominium:the_bossdexium":1,"caupona:fig":3,"minecraft:dirt":1,"tombstone:grave_dust":4,"delightful:acorn":3,"gtceu:aluminium_sword":1,"railcraft:sulfur_dust":10,"twigs:twig":1,"minecraft:bone":5,"tombstone:gift":2,"minecraft:oak_planks":142,"sophisticatedbackpacks:backpack":2,"patchouli:guide_book":1,"deepresonance:resonating_ore_deepslate":3,"crafting_on_a_stick:crafting_table":3,"minecraft:gunpowder":2,"mysticalagriculture:inferium_essence":9,"born_in_chaos_v1:corpse_maggot":1,"apotheosis:gem":1,"minecraft:oak_sapling":23,"minecraft:arrow":2,"minecraft:wooden_pickaxe":1},"minecraft:custom":{"minecraft:mob_kills":30,"minecraft:damage_dealt_resisted":213,"minecraft:time_since_death":12084,"minecraft:damage_resisted":0,"minecraft:sprint_one_cm":126812,"minecraft:walk_one_cm":82064,"minecraft:drop":44,"minecraft:damage_dealt_absorbed":40,"minecraft:talked_to_villager":2,"minecraft:play_time":47252,"minecraft:deaths":3,"minecraft:sneak_time":250,"minecraft:walk_under_water_one_cm":3510,"minecraft:jump":1002,"minecraft:walk_on_water_one_cm":2299,"minecraft:total_world_time":47252,"minecraft:interact_with_furnace":79,"minecraft:time_since_rest":10749,"minecraft:damage_taken":1557,"minecraft:damage_absorbed":1728,"minecraft:damage_dealt":6188,"minecraft:swim_one_cm":13928,"minecraft:fly_one_cm":271954,"minecraft:crouch_one_cm":1282,"tombstone:undead_killed":17,"minecraft:fall_one_cm":29774},"minecraft:crafted":{"minecraft:black_dye":2,"delightful:cantaloupe_slice":6,"minecraft:oak_planks":63,"minecraft:stone_shovel":1,"minecraft:rotten_flesh":1,"alltheores:aluminum_ingot":62,"minecraft:furnace":8,"alltheores:copper_ore_hammer":1,"sophisticatedbackpacks:copper_backpack":1,"gtceu:aluminium_file":1,"born_in_chaos_v1:fried_maggot":2,"minecraft:stone_pickaxe":2,"minecraft:chest":2,"minecraft:copper_block":2,"gtceu:aluminium_axe":2,"silentgear:dried_sinew":2,"sophisticatedbackpacks:backpack":2,"minecraft:cooked_porkchop":6,"silentgear:sinew_fiber":2,"minecraft:crafting_table":2,"minecraft:wooden_pickaxe":1,"integrateddynamics:drying_basin":1,"gtceu:aluminium_mining_hammer":1,"minecraft:copper_ingot":27,"gtceu:aluminium_hammer":1,"crafting_on_a_stick:crafting_table":2,"minecraft:stone_axe":1,"mekanismtools:stone_paxel":1,"minecraft:air":441,"minecraft:oak_boat":2,"minecraft:charcoal":2,"minecraft:stick":46,"minecraft:iron_ingot":6,"alltheores:iron_dust":3,"minecraft:torch":15,"alltheores:aluminum_plate":16,"gtceu:aluminium_sword":2},"minecraft:killed_by":{"minecraft:creeper":1,"born_in_chaos_v1:supreme_bonescaller":1,"minecraft:zombie":1},"minecraft:mined":{"biomesoplenty:bush":1,"railcraft:sulfur_ore":7,"minecraft:tall_seagrass":1,"minecraft:furnace":7,"minecraft:iron_ore":6,"integrateddynamics:drying_basin":1,"alltheores:aluminum_ore":64,"minecraft:stone":65,"ars_nouveau:purple_archwood_log":64,"caupona:fig_fruits":1,"minecraft:copper_ore":17,"minecraft:wall_torch":1,"delightful:cantaloupe":6,"biomesoplenty:fir_log":1061,"minecraft:oak_log":107,"minecraft:coal_ore":135,"minecraft:dirt":1},"minecraft:killed":{"born_in_chaos_v1:zombie_lumberjack":1,"born_in_chaos_v1:skeleton_demoman":1,"minecraft:spider":1,"born_in_chaos_v1:zombie_bruiser":1,"born_in_chaos_v1:maggot":3,"minecraft:skeleton":1,"minecraft:pig":4,"born_in_chaos_v1:bone_imp_minion":1,"born_in_chaos_v1:baby_skeleton":1,"born_in_chaos_v1:decrepit_skeleton":1,"minecraft:zombie":10,"born_in_chaos_v1:corpse_fly":1,"minecraft:cow":4},"minecraft:picked_up":{"minecraft:crafting_table":1,"minecraft:turtle_helmet":1,"minecraft:wooden_pickaxe":1,"silentgear:sinew":3,"minecraft:string":2,"minecraft:raw_copper":104,"minecraft:iron_axe":1,"mysticalagriculture:inferium_essence":8,"reliquary:zombie_heart":1,"delightful:acorn":3,"minecraft:beef":8,"minecraft:iron_pickaxe":2,"delightful:green_tea_leaf":3,"minecraft:furnace":3,"minecraft:egg":1,"minecraft:raw_iron":6,"apotheosis:gem":1,"ars_nouveau:purple_archwood_log":64,"railcraft:sulfur_dust":25,"minecraft:torch":1,"sophisticatedbackpacks:backpack":1,"ars_nouveau:purple_archwood_sapling":3,"minecraft:porkchop":6,"minecraft:cherry_log":4,"tombstone:grave_dust":4,"crafting_on_a_stick:crafting_table":2,"born_in_chaos_v1:fried_maggot":2,"minecraft:arrow":2,"minecraft:rotten_flesh":18,"minecraft:cobblestone":65,"born_in_chaos_v1:corpse_maggot":3,"integrateddynamics:drying_basin":1,"minecraft:leather":9,"biomesoplenty:fir_sapling":14,"biomesoplenty:fir_log":628,"caupona:fig":3,"delightful:cantaloupe":6,"minecraft:oak_log":150,"minecraft:gunpowder":2,"scalinghealth:heart_crystal":5,"minecraft:dirt":1,"minecraft:bone":5,"minecraft:apple":1,"minecraft:iron_ingot":1,"scalinghealth:power_crystal_shard":5,"twigs:twig":26,"minecraft:oak_planks":71,"ars_nouveau:bastion_pod":3,"minecraft:bundle":1,"waystones:waystone":2,"alltheores:raw_aluminum":64,"scalinghealth:cursed_heart":1,"tombstone:magic_scroll":1,"minecraft:oak_sapling":11,"minecraft:coal":135}},"DataVersion":3465}