{"stats":{"minecraft:dropped":{"minecraft:cherry_log":4,"tombstone:gift":2,"minecraft:oak_planks":142,"patchouli:guide_book":1,"deepresonance:resonating_ore_deepslate":3,"bossominium:the_bossdexium":1,"crafting_on_a_stick:crafting_table":3,"minecraft:dirt":1,"minecraft:gunpowder":2,"mysticalagriculture:inferium_essence":6,"apotheosis:gem":1,"minecraft:oak_sapling":14,"delightful:acorn":3,"minecraft:arrow":2,"railcraft:sulfur_dust":10,"minecraft:bone":3},"minecraft:mined":{"biomesoplenty:bush":1,"railcraft:sulfur_ore":7,"minecraft:copper_ore":17,"minecraft:wall_torch":1,"minecraft:furnace":3,"minecraft:oak_log":107,"minecraft:coal_ore":52,"minecraft:dirt":1,"alltheores:aluminum_ore":64,"minecraft:stone":64},"minecraft:killed":{"minecraft:pig":4,"born_in_chaos_v1:bone_imp_minion":1,"born_in_chaos_v1:zombie_lumberjack":1,"born_in_chaos_v1:baby_skeleton":1,"born_in_chaos_v1:skeleton_demoman":1,"minecraft:spider":1,"born_in_chaos_v1:zombie_bruiser":1,"born_in_chaos_v1:decrepit_skeleton":1,"minecraft:skeleton":1,"minecraft:zombie":7,"born_in_chaos_v1:corpse_fly":1},"minecraft:used":{"minecraft:stone_pickaxe":131,"minecraft:wooden_pickaxe":59,"mekanismtools:stone_paxel":163,"minecraft:torch":1,"scalinghealth:heart_crystal":3,"minecraft:apple":2,"minecraft:iron_pickaxe":8,"minecraft:turtle_helmet":1,"minecraft:furnace":11,"minecraft:cooked_beef":5},"minecraft:crafted":{"minecraft:oak_planks":60,"minecraft:stone_shovel":1,"minecraft:cooked_porkchop":4,"alltheores:aluminum_ingot":7,"minecraft:crafting_table":2,"silentgear:sinew_fiber":2,"minecraft:wooden_pickaxe":1,"minecraft:furnace":8,"crafting_on_a_stick:crafting_table":2,"minecraft:stone_axe":1,"mekanismtools:stone_paxel":1,"minecraft:air":354,"minecraft:charcoal":2,"born_in_chaos_v1:fried_maggot":2,"minecraft:stick":26,"minecraft:stone_pickaxe":2,"minecraft:torch":15,"silentgear:dried_sinew":2},"minecraft:picked_up":{"born_in_chaos_v1:corpse_maggot":2,"minecraft:turtle_helmet":1,"minecraft:oak_log":138,"minecraft:gunpowder":2,"scalinghealth:heart_crystal":3,"minecraft:dirt":1,"silentgear:sinew":2,"minecraft:string":2,"minecraft:raw_copper":67,"minecraft:iron_axe":1,"minecraft:bone":3,"minecraft:apple":1,"mysticalagriculture:inferium_essence":5,"delightful:acorn":3,"minecraft:iron_ingot":1,"scalinghealth:power_crystal_shard":5,"minecraft:iron_pickaxe":1,"minecraft:oak_planks":71,"twigs:twig":5,"minecraft:furnace":3,"apotheosis:gem":1,"railcraft:sulfur_dust":25,"minecraft:torch":1,"minecraft:porkchop":6,"minecraft:cherry_log":4,"tombstone:grave_dust":2,"crafting_on_a_stick:crafting_table":2,"minecraft:bundle":1,"minecraft:arrow":2,"minecraft:rotten_flesh":13,"waystones:waystone":1,"alltheores:raw_aluminum":64,"minecraft:oak_sapling":2,"minecraft:coal":52,"minecraft:cobblestone":64},"minecraft:broken":{"minecraft:stone_pickaxe":1,"minecraft:wooden_pickaxe":1},"minecraft:killed_by":{"minecraft:creeper":1,"born_in_chaos_v1:supreme_bonescaller":1},"minecraft:custom":{"minecraft:interact_with_furnace":24,"minecraft:mob_kills":20,"minecraft:damage_dealt_resisted":183,"minecraft:time_since_death":5638,"minecraft:damage_resisted":0,"minecraft:time_since_rest":4865,"minecraft:sprint_one_cm":63197,"minecraft:damage_taken":1190,"minecraft:walk_one_cm":47756,"minecraft:drop":25,"minecraft:damage_dealt":4823,"minecraft:talked_to_villager":2,"minecraft:damage_dealt_absorbed":40,"minecraft:swim_one_cm":3879,"minecraft:fly_one_cm":104060,"minecraft:crouch_one_cm":733,"minecraft:play_time":21044,"tombstone:undead_killed":14,"minecraft:deaths":2,"minecraft:sneak_time":157,"minecraft:walk_under_water_one_cm":3199,"minecraft:jump":469,"minecraft:walk_on_water_one_cm":1380,"minecraft:total_world_time":21044,"minecraft:fall_one_cm":13989}},"DataVersion":3465}