{"stats":{"minecraft:broken":{"minecraft:wooden_pickaxe":1},"minecraft:killed_by":{"minecraft:zombie":1},"minecraft:custom":{"minecraft:time_since_rest":1689,"minecraft:interact_with_furnace":6,"minecraft:sprint_one_cm":55180,"minecraft:damage_taken":853,"minecraft:walk_one_cm":33353,"minecraft:mob_kills":6,"minecraft:drop":28,"minecraft:damage_dealt":703,"minecraft:swim_one_cm":2281,"minecraft:fly_one_cm":43551,"minecraft:deaths":1,"minecraft:crouch_one_cm":101,"minecraft:play_time":19513,"tombstone:undead_killed":3,"minecraft:walk_under_water_one_cm":156,"minecraft:sneak_time":28,"minecraft:jump":242,"minecraft:damage_dealt_resisted":0,"minecraft:walk_on_water_one_cm":223,"minecraft:leave_game":1,"minecraft:time_since_death":2128,"minecraft:total_world_time":19513,"minecraft:fall_one_cm":7245},"minecraft:dropped":{"supplementaries:ash":1,"minecraft:oak_log":1,"mysticalagriculture:inferium_essence":3,"minecraft:oak_sapling":13,"eidolon:tattered_cloth":4,"tombstone:grave_dust":1,"delightful:acorn":4,"delightful:green_tea_leaf":3,"minecraft:bow":2,"minecraft:arrow":1,"patchouli:guide_book":1,"twigs:twig":7,"minecraft:bone":2},"minecraft:mined":{"minecraft:iron_ore":2,"minecraft:pumpkin":4,"minecraft:coal_ore":16,"minecraft:oak_log":36,"minecraft:cobblestone":1,"minecraft:stone":59},"minecraft:killed":{"minecraft:skeleton":1,"minecraft:sheep":2,"eidolon:wraith":1,"minecraft:zombie":1},"minecraft:used":{"minecraft:apple":1,"minecraft:wooden_pickaxe":59,"mekanismtools:stone_paxel":26,"integrateddynamics:drying_basin":1,"silentgear:pickaxe":18,"minecraft:cobblestone":1,"minecraft:furnace":2,"tombstone:gift":2,"minecraft:cooked_beef":4},"minecraft:picked_up":{"minecraft:raw_iron":2,"minecraft:pumpkin":4,"potionsmaster:bezoar":1,"minecraft:oak_log":36,"eidolon:tattered_cloth":4,"bhc:red_heart":1,"minecraft:arrow":2,"minecraft:bone":2,"minecraft:rotten_flesh":2,"minecraft:apple":1,"minecraft:bow":2,"mysticalagriculture:inferium_essence":3,"delightful:acorn":4,"minecraft:light_gray_wool":1,"minecraft:coal":16,"supplementaries:ash":1,"delightful:green_tea_leaf":3,"minecraft:oak_sapling":13,"twigs:twig":16,"minecraft:mutton":2,"minecraft:white_wool":1,"minecraft:cobblestone":60},"minecraft:crafted":{"minecraft:black_dye":2,"silentgear:pickaxe":1,"minecraft:oak_planks":25,"minecraft:stone_shovel":1,"minecraft:charcoal":2,"minecraft:crafting_table":1,"minecraft:stick":9,"minecraft:iron_ingot":2,"minecraft:wooden_pickaxe":1,"minecraft:stone_pickaxe":2,"integrateddynamics:drying_basin":1,"minecraft:furnace":4,"crafting_on_a_stick:crafting_table":1,"minecraft:stone_axe":1,"mekanismtools:stone_paxel":1,"minecraft:air":122}},"DataVersion":3465}