{"stats":{"minecraft:broken":{"minecraft:wooden_pickaxe":1},"minecraft:used":{"minecraft:trident":1,"minecraft:birch_boat":2,"eidolon:zombie_heart":1,"minecraft:wooden_pickaxe":59,"potionsmaster:bezoar":1,"mekanismtools:stone_paxel":158,"integrateddynamics:drying_basin":2,"minecraft:stick":2,"minecraft:torch":2,"scalinghealth:heart_crystal":1,"scalinghealth:cursed_heart":1,"minecraft:crafting_table":3,"ars_nouveau:bastion_pod":1,"minecraft:apple":1,"silentgear:pickaxe":19,"minecraft:cobblestone":1,"minecraft:furnace":6,"minecraft:cooked_porkchop":8,"tombstone:gift":2,"minecraft:oak_boat":3,"minecraft:cooked_beef":9},"minecraft:killed_by":{"minecraft:skeleton":2,"minecraft:creeper":1,"minecraft:spider":1,"minecraft:zombie":1,"iceandfire:sea_serpent":2,"iceandfire:fire_dragon":4},"minecraft:killed":{"minecraft:pig":6,"irons_spellbooks:summoned_zombie":1,"minecraft:spider":2,"minecraft:creeper":1,"minecraft:sheep":3,"minecraft:skeleton":3,"eidolon:wraith":3,"minecraft:zombie":5,"minecraft:chicken":1,"minecraft:cow":2},"minecraft:picked_up":{"minecraft:birch_log":20,"minecraft:feather":1,"minecraft:cooked_beef":1,"integrateddynamics:drying_basin":2,"minecraft:chicken":1,"minecraft:leather":6,"minecraft:oak_log":53,"minecraft:gunpowder":1,"scalinghealth:heart_crystal":1,"minecraft:dirt":10,"minecraft:string":8,"bhc:red_heart":1,"sushigocrafting:wasabi_seeds":3,"minecraft:bone":3,"minecraft:apple":1,"minecraft:bow":2,"mysticalagriculture:inferium_essence":6,"delightful:acorn":5,"minecraft:beef":4,"eidolon:zombie_heart":1,"scalinghealth:power_crystal_shard":5,"minecraft:rose_bush":4,"minecraft:poppy":1,"minecraft:light_gray_wool":1,"twigs:twig":17,"delightful:green_tea_leaf":3,"minecraft:oak_planks":59,"minecraft:egg":3,"minecraft:furnace":4,"minecraft:raw_iron":2,"reliquary:catalyzing_gland":1,"scalinghealth:heart_crystal_shard":11,"ars_nouveau:purple_archwood_log":64,"minecraft:pumpkin":4,"minecraft:torch":3,"potionsmaster:bezoar":1,"sophisticatedbackpacks:backpack":1,"ars_nouveau:purple_archwood_sapling":2,"minecraft:porkchop":11,"ars_nouveau:bastion_pod":1,"minecolonies:durum":1,"minecraft:trident":1,"eidolon:tattered_cloth":4,"minecraft:bundle":1,"minecraft:arrow":4,"minecraft:rotten_flesh":6,"immersiveengineering:seed":5,"waystones:waystone":1,"scalinghealth:cursed_heart":1,"supplementaries:ash":2,"minecraft:oak_sapling":15,"minecraft:mutton":4,"minecraft:coal":74,"minecraft:white_wool":2,"minecraft:cobblestone":60},"minecraft:dropped":{"minecraft:wheat_seeds":1,"minecraft:oak_log":1,"sushigocrafting:wasabi_seeds":3,"tombstone:gift":1,"scalinghealth:heart_crystal_shard":3,"eidolon:tattered_cloth":4,"minecraft:leather":4,"delightful:green_tea_leaf":3,"sophisticatedbackpacks:backpack":1,"patchouli:guide_book":1,"crafting_on_a_stick:crafting_table":1,"minecraft:dirt":10,"supplementaries:ash":2,"minecraft:gunpowder":1,"mysticalagriculture:inferium_essence":4,"minecraft:rose_bush":4,"minecraft:oak_sapling":15,"tombstone:grave_dust":1,"reliquary:catalyzing_gland":1,"delightful:acorn":5,"minecraft:arrow":4,"minecraft:bow":2,"minecolonies:durum":1,"minecraft:string":4,"immersiveengineering:seed":5,"twigs:twig":7,"minecraft:bone":3},"minecraft:mined":{"minecraft:torch":2,"minecraft:allium":1,"minecraft:rose_bush":3,"ars_nouveau:purple_archwood_sapling":1,"minecraft:cobblestone":1,"minecraft:furnace":6,"minecraft:birch_log":19,"minecraft:iron_ore":2,"minecraft:pumpkin":4,"minecraft:grass":1,"minecraft:coal_ore":16,"minecraft:oak_log":53,"integrateddynamics:drying_basin":2,"minecraft:stone":59,"minecraft:oak_leaves":1,"ars_nouveau:purple_archwood_log":64},"minecraft:custom":{"minecraft:interact_with_furnace":44,"lootr:looted_stat":4,"minecraft:mob_kills":29,"minecraft:interact_with_crafting_table":3,"minecraft:damage_dealt_resisted":0,"minecraft:leave_game":4,"minecraft:time_since_death":323,"minecraft:climb_one_cm":84,"minecraft:time_since_rest":1,"minecraft:sprint_one_cm":391854,"minecraft:damage_taken":5885,"minecraft:walk_one_cm":98343,"minecraft:drop":58,"minecraft:damage_dealt":4365,"minecraft:swim_one_cm":108307,"minecraft:fly_one_cm":549287,"minecraft:crouch_one_cm":226,"minecraft:play_time":108705,"tombstone:undead_killed":12,"minecraft:deaths":11,"minecraft:sneak_time":191,"minecraft:walk_under_water_one_cm":7255,"minecraft:jump":2026,"minecraft:walk_on_water_one_cm":14580,"minecraft:total_world_time":108705,"minecraft:fall_one_cm":53531},"minecraft:crafted":{"minecraft:black_dye":2,"silentgear:pickaxe":1,"minecraft:oak_planks":42,"minecraft:stone_shovel":1,"sophisticatedbackpacks:backpack":1,"minecraft:cooked_porkchop":8,"minecraft:crafting_table":6,"minecraft:birch_boat":2,"minecraft:wooden_pickaxe":1,"minecraft:cooked_chicken":1,"integrateddynamics:drying_basin":1,"minecraft:furnace":4,"minecraft:birch_planks":19,"crafting_on_a_stick:crafting_table":3,"minecraft:stone_axe":1,"mekanismtools:stone_paxel":1,"minecraft:cooked_mutton":2,"minecraft:air":266,"farmersdelight:fried_egg":2,"minecraft:oak_boat":3,"minecraft:charcoal":2,"minecraft:stick":19,"minecraft:iron_ingot":2,"minecraft:stone_pickaxe":2,"minecraft:chest":1}},"DataVersion":3465}