{"stats":{"minecraft:crafted":{"minecraft:black_dye":2,"silentgear:pickaxe":1,"minecraft:oak_planks":25,"minecraft:stone_shovel":1,"sophisticatedbackpacks:backpack":1,"minecraft:cooked_porkchop":8,"minecraft:crafting_table":1,"minecraft:cooked_chicken":1,"minecraft:wooden_pickaxe":1,"integrateddynamics:drying_basin":1,"minecraft:furnace":4,"crafting_on_a_stick:crafting_table":1,"minecraft:stone_axe":1,"mekanismtools:stone_paxel":1,"minecraft:cooked_mutton":2,"minecraft:air":122,"farmersdelight:fried_egg":2,"minecraft:charcoal":2,"minecraft:stick":11,"minecraft:iron_ingot":2,"minecraft:stone_pickaxe":2,"minecraft:chest":1},"minecraft:dropped":{"minecraft:wheat_seeds":1,"minecraft:oak_log":1,"sushigocrafting:wasabi_seeds":3,"tombstone:gift":1,"scalinghealth:heart_crystal_shard":3,"eidolon:tattered_cloth":4,"minecraft:leather":4,"delightful:green_tea_leaf":3,"sophisticatedbackpacks:backpack":1,"patchouli:guide_book":1,"minecraft:dirt":10,"supplementaries:ash":2,"minecraft:gunpowder":1,"mysticalagriculture:inferium_essence":4,"minecraft:rose_bush":4,"minecraft:oak_sapling":14,"tombstone:grave_dust":1,"reliquary:catalyzing_gland":1,"delightful:acorn":4,"minecraft:arrow":4,"minecraft:bow":2,"minecolonies:durum":1,"minecraft:string":4,"immersiveengineering:seed":5,"twigs:twig":7,"minecraft:bone":3},"minecraft:killed":{"minecraft:pig":4,"irons_spellbooks:summoned_zombie":1,"minecraft:spider":2,"minecraft:creeper":1,"minecraft:sheep":2,"minecraft:skeleton":3,"eidolon:wraith":3,"minecraft:zombie":5,"minecraft:chicken":1,"minecraft:cow":1},"minecraft:picked_up":{"minecraft:birch_log":1,"minecraft:feather":1,"minecraft:cooked_beef":1,"integrateddynamics:drying_basin":2,"minecraft:chicken":1,"minecraft:leather":6,"minecraft:oak_log":36,"minecraft:gunpowder":1,"scalinghealth:heart_crystal":1,"minecraft:string":8,"minecraft:dirt":10,"bhc:red_heart":1,"sushigocrafting:wasabi_seeds":3,"minecraft:bone":3,"minecraft:apple":1,"minecraft:bow":2,"mysticalagriculture:inferium_essence":4,"delightful:acorn":4,"minecraft:beef":2,"eidolon:zombie_heart":1,"minecraft:rose_bush":4,"minecraft:light_gray_wool":1,"twigs:twig":17,"delightful:green_tea_leaf":3,"minecraft:oak_planks":59,"minecraft:furnace":4,"minecraft:egg":3,"minecraft:raw_iron":2,"reliquary:catalyzing_gland":1,"scalinghealth:heart_crystal_shard":3,"ars_nouveau:purple_archwood_log":64,"minecraft:pumpkin":4,"minecraft:torch":3,"potionsmaster:bezoar":1,"sophisticatedbackpacks:backpack":1,"ars_nouveau:purple_archwood_sapling":2,"minecraft:porkchop":8,"ars_nouveau:bastion_pod":1,"minecolonies:durum":1,"minecraft:trident":1,"eidolon:tattered_cloth":4,"minecraft:bundle":1,"minecraft:arrow":4,"minecraft:rotten_flesh":6,"immersiveengineering:seed":5,"supplementaries:ash":2,"minecraft:oak_sapling":14,"minecraft:mutton":2,"minecraft:coal":74,"minecraft:white_wool":1,"minecraft:cobblestone":60},"minecraft:custom":{"lootr:looted_stat":1,"minecraft:interact_with_furnace":44,"minecraft:mob_kills":25,"minecraft:damage_dealt_resisted":0,"minecraft:leave_game":3,"minecraft:time_since_death":7766,"minecraft:time_since_rest":5367,"minecraft:sprint_one_cm":229915,"minecraft:damage_taken":2953,"minecraft:walk_one_cm":72395,"minecraft:drop":55,"minecraft:damage_dealt":3852,"minecraft:swim_one_cm":48755,"minecraft:fly_one_cm":275612,"minecraft:crouch_one_cm":104,"minecraft:play_time":56287,"tombstone:undead_killed":12,"minecraft:deaths":4,"minecraft:sneak_time":73,"minecraft:walk_under_water_one_cm":2740,"minecraft:jump":1089,"minecraft:walk_on_water_one_cm":5124,"minecraft:total_world_time":56287,"minecraft:fall_one_cm":26345},"minecraft:killed_by":{"minecraft:skeleton":2,"minecraft:zombie":1,"iceandfire:fire_dragon":1},"minecraft:broken":{"minecraft:wooden_pickaxe":1},"minecraft:mined":{"minecraft:torch":2,"minecraft:allium":1,"minecraft:rose_bush":3,"ars_nouveau:purple_archwood_sapling":1,"minecraft:cobblestone":1,"minecraft:furnace":6,"minecraft:iron_ore":2,"minecraft:pumpkin":4,"minecraft:grass":1,"minecraft:coal_ore":16,"minecraft:oak_log":36,"integrateddynamics:drying_basin":2,"minecraft:stone":59,"minecraft:oak_leaves":1,"ars_nouveau:purple_archwood_log":64},"minecraft:used":{"minecraft:trident":1,"eidolon:zombie_heart":1,"minecraft:wooden_pickaxe":59,"potionsmaster:bezoar":1,"mekanismtools:stone_paxel":152,"integrateddynamics:drying_basin":2,"minecraft:torch":2,"scalinghealth:heart_crystal":1,"ars_nouveau:bastion_pod":1,"minecraft:apple":1,"silentgear:pickaxe":18,"minecraft:cobblestone":1,"minecraft:furnace":6,"minecraft:cooked_porkchop":4,"tombstone:gift":2,"minecraft:cooked_beef":9}},"DataVersion":3465}