{"stats":{"minecraft:custom":{"minecraft:jump":31,"minecraft:time_since_rest":7562,"minecraft:damage_dealt":15,"minecraft:damage_taken":70,"minecraft:sprint_one_cm":3445,"minecraft:play_time":7562,"minecraft:time_since_death":7562,"minecraft:walk_one_cm":2789,"minecraft:total_world_time":7562,"minecraft:interact_with_crafting_table":6,"minecraft:fall_one_cm":687,"minecraft:fly_one_cm":4187},"minecraft:mined":{"minecraft:oak_log":9,"minecraft:oak_leaves":3},"minecraft:used":{"minecraft:crafting_table":1},"minecraft:picked_up":{"minecraft:oak_log":9},"minecraft:crafted":{"minecraft:wooden_sword":1,"minecraft:crafting_table":1,"minecraft:oak_planks":9,"minecraft:stick":4,"minecraft:wooden_pickaxe":1,"minecraft:air":39}},"DataVersion":3465}