{"stats":{"minecraft:broken":{"minecraft:wooden_pickaxe":1},"minecraft:custom":{"minecraft:time_since_rest":19562,"minecraft:interact_with_furnace":2,"minecraft:sprint_one_cm":67241,"minecraft:damage_taken":291,"minecraft:walk_one_cm":17744,"minecraft:mob_kills":9,"minecraft:drop":1,"minecraft:damage_dealt":1364,"minecraft:swim_one_cm":11933,"minecraft:interact_with_crafting_table":9,"minecraft:fly_one_cm":50783,"minecraft:play_time":19562,"tombstone:undead_killed":5,"minecraft:sneak_time":10,"minecraft:walk_under_water_one_cm":246,"minecraft:jump":269,"minecraft:time_since_death":19562,"minecraft:walk_on_water_one_cm":1529,"minecraft:total_world_time":19562,"minecraft:fall_one_cm":7530},"minecraft:dropped":{"delightful:green_tea_leaf":1},"minecraft:mined":{"minecraft:crafting_table":2,"minecraft:coal_ore":44,"minecraft:oak_log":9,"minecraft:stone":63,"minecraft:oak_leaves":4},"minecraft:killed":{"minecraft:sheep":3,"minecraft:skeleton":3,"minecraft:zombie":2,"minecraft:spider":1},"minecraft:used":{"mekanismtools:stone_paxel":69,"minecraft:wooden_pickaxe":59,"potionsmaster:bezoar":1,"minecraft:torch":3,"minecraft:wooden_sword":1,"minecraft:cobblestone":2,"minecraft:crafting_table":2,"minecraft:cooked_beef":3},"minecraft:picked_up":{"minecraft:crafting_table":2,"potionsmaster:bezoar":1,"minecraft:oak_log":9,"iceandfire:rotten_egg":1,"minecraft:string":1,"minecraft:bone":3,"minecraft:arrow":2,"minecraft:rotten_flesh":2,"minecraft:oak_sapling":1,"delightful:green_tea_leaf":1,"minecraft:coal":44,"minecraft:mutton":5,"minecraft:white_wool":3,"minecraft:cobblestone":63,"minecraft:egg":2},"minecraft:crafted":{"minecraft:wooden_sword":1,"minecraft:oak_planks":9,"minecraft:stone_shovel":1,"minecraft:crafting_table":1,"minecraft:stick":4,"minecraft:wooden_pickaxe":1,"minecraft:stone_pickaxe":1,"minecraft:stone_sword":1,"minecraft:stone_axe":1,"mekanismtools:stone_paxel":1,"minecraft:air":39}},"DataVersion":3465}