{"stats":{"minecraft:mined":{"minecraft:crafting_table":4,"minecraft:grass_block":2,"minecraft:rose_bush":1,"minecraft:cobblestone":7,"minecraft:wall_torch":1,"ars_nouveau:purple_archwood_leaves":65,"minecraft:iron_ore":7,"minecraft:lilac":1,"minecraft:grass":2,"minecraft:oak_log":18,"minecraft:coal_ore":44,"minecraft:dirt":1,"minecraft:white_tulip":1,"minecraft:stone":70,"minecraft:oak_leaves":5},"minecraft:dropped":{"minecraft:enchanted_book":1,"eidolon:zombie_heart":1,"minecraft:wheat_seeds":1,"minecraft:cooked_beef":1,"sushigocrafting:wasabi_seeds":1,"scalinghealth:heart_crystal_shard":3,"minecraft:leather":5,"delightful:green_tea_leaf":2,"sophisticatedbackpacks:backpack":1,"silentgear:sinew":1,"patchouli:guide_book":1,"supplementaries:ash":1,"minecraft:trident":1,"minecraft:gunpowder":1,"iceandfire:rotten_egg":1,"minecraft:wooden_sword":1,"minecraft:spider_eye":2,"immersiveengineering:seed":2,"twigs:twig":3},"minecraft:crafted":{"minecraft:wooden_sword":1,"minecraft:oak_planks":18,"minecraft:stone_shovel":1,"sophisticatedbackpacks:backpack":1,"minecraft:crafting_table":1,"minecraft:wooden_pickaxe":1,"minecraft:cooked_chicken":3,"scalinghealth:heart_crystal":1,"minecraft:stone_axe":1,"mekanismtools:stone_paxel":1,"minecraft:cooked_mutton":5,"minecraft:air":75,"farmersdelight:fried_egg":4,"minecraft:stick":4,"minecraft:stone_pickaxe":1,"minecraft:stone_sword":1,"minecraft:chest":1},"minecraft:used":{"minecraft:cooked_mutton":4,"minecraft:oak_planks":16,"minecraft:wooden_pickaxe":59,"potionsmaster:bezoar":1,"mekanismtools:stone_paxel":160,"minecraft:cooked_chicken":3,"minecraft:torch":4,"minecraft:dirt":2,"scalinghealth:heart_crystal":1,"minecraft:crafting_table":4,"minecraft:allium":1,"croptopia:orange":1,"ars_nouveau:purple_archwood_sapling":3,"minecraft:iron_boots":1,"minecraft:wooden_sword":1,"minecraft:cobblestone":12,"tombstone:gift":4,"minecraft:cooked_beef":7,"farmersdelight:fried_egg":1,"delightful:acorn":1},"minecraft:killed":{"minecraft:pig":2,"minecraft:spider":5,"irons_spellbooks:necromancer":1,"minecraft:creeper":1,"minecraft:sheep":3,"minecraft:skeleton":5,"eidolon:wraith":4,"minecraft:zombie":5,"minecraft:chicken":3,"eidolon:zombie_brute":1},"minecraft:custom":{"minecraft:interact_with_furnace":20,"minecraft:mob_kills":30,"minecraft:interact_with_crafting_table":12,"minecraft:damage_dealt_resisted":0,"minecraft:time_since_death":21226,"minecraft:climb_one_cm":144,"minecraft:damage_resisted":0,"minecraft:time_since_rest":20621,"minecraft:sprint_one_cm":211022,"minecraft:damage_taken":1956,"minecraft:walk_one_cm":58251,"minecraft:drop":26,"minecraft:damage_dealt":5462,"minecraft:swim_one_cm":21355,"minecraft:fly_one_cm":252743,"minecraft:crouch_one_cm":282,"minecraft:play_time":46400,"tombstone:undead_killed":16,"minecraft:deaths":2,"minecraft:sneak_time":151,"minecraft:walk_under_water_one_cm":680,"minecraft:jump":1049,"minecraft:walk_on_water_one_cm":2188,"minecraft:total_world_time":46400,"minecraft:fall_one_cm":28891},"minecraft:killed_by":{"minecraft:skeleton":1,"minecraft:creeper":1},"minecraft:broken":{"minecraft:wooden_pickaxe":1},"minecraft:picked_up":{"minecraft:allium":1,"minecraft:crafting_table":4,"minecraft:feather":2,"minecraft:chicken":3,"minecraft:leather":4,"minecraft:oak_log":18,"minecraft:gunpowder":1,"silentgear:sinew":1,"minecraft:dirt":3,"minecraft:string":4,"tombstone:gift":1,"minecraft:bone":7,"sushigocrafting:wasabi_seeds":1,"minecraft:bow":1,"minecraft:wheat_seeds":1,"mysticalagriculture:inferium_essence":5,"delightful:acorn":1,"eidolon:zombie_heart":1,"twigs:twig":3,"delightful:green_tea_leaf":2,"minecraft:oak_planks":8,"minecraft:egg":7,"minecraft:iron_boots":1,"minecraft:furnace":2,"minecraft:raw_iron":7,"scalinghealth:heart_crystal_shard":24,"thermal:strawberry_seeds":1,"potionsmaster:bezoar":1,"sophisticatedbackpacks:backpack":1,"ars_nouveau:purple_archwood_sapling":3,"minecraft:porkchop":2,"iceandfire:rotten_egg":1,"tombstone:grave_dust":2,"minecraft:trident":1,"minecraft:spider_eye":2,"eidolon:tattered_cloth":3,"minecraft:arrow":8,"minecraft:rotten_flesh":8,"immersiveengineering:seed":2,"croptopia:orange":1,"minecraft:chainmail_helmet":1,"supplementaries:ash":1,"minecraft:oak_sapling":2,"minecraft:mutton":5,"minecraft:coal":44,"minecraft:white_wool":3,"minecraft:cobblestone":77}},"DataVersion":3465}