{"stats":{"minecraft:mined":{"minecraft:crafting_table":3,"minecraft:rose_bush":1,"ars_nouveau:purple_archwood_leaves":65,"minecraft:grass":1,"minecraft:oak_log":9,"minecraft:coal_ore":44,"minecraft:stone":63,"minecraft:oak_leaves":5},"minecraft:dropped":{"minecraft:enchanted_book":1,"eidolon:zombie_heart":1,"minecraft:wheat_seeds":1,"minecraft:cooked_beef":1,"sushigocrafting:wasabi_seeds":1,"scalinghealth:heart_crystal_shard":3,"delightful:green_tea_leaf":2,"patchouli:guide_book":1,"supplementaries:ash":1,"minecraft:trident":1,"iceandfire:rotten_egg":1,"minecraft:wooden_sword":1,"minecraft:spider_eye":1,"immersiveengineering:seed":2,"twigs:twig":3},"minecraft:crafted":{"minecraft:wooden_sword":1,"minecraft:oak_planks":9,"minecraft:stone_shovel":1,"minecraft:crafting_table":1,"minecraft:wooden_pickaxe":1,"minecraft:cooked_chicken":3,"scalinghealth:heart_crystal":1,"minecraft:stone_axe":1,"mekanismtools:stone_paxel":1,"minecraft:cooked_mutton":5,"minecraft:air":39,"farmersdelight:fried_egg":4,"minecraft:stick":4,"minecraft:stone_pickaxe":1,"minecraft:stone_sword":1},"minecraft:used":{"minecraft:cooked_mutton":1,"minecraft:wooden_pickaxe":59,"potionsmaster:bezoar":1,"mekanismtools:stone_paxel":101,"minecraft:cooked_chicken":1,"minecraft:torch":3,"minecraft:crafting_table":3,"ars_nouveau:purple_archwood_sapling":3,"minecraft:iron_boots":1,"minecraft:wooden_sword":1,"minecraft:cobblestone":2,"tombstone:gift":4,"minecraft:cooked_beef":7,"farmersdelight:fried_egg":1,"delightful:acorn":1},"minecraft:killed":{"minecraft:spider":3,"irons_spellbooks:necromancer":1,"minecraft:sheep":3,"minecraft:skeleton":4,"eidolon:wraith":2,"minecraft:zombie":3,"minecraft:chicken":3,"eidolon:zombie_brute":1},"minecraft:custom":{"minecraft:interact_with_furnace":20,"minecraft:mob_kills":20,"minecraft:interact_with_crafting_table":10,"minecraft:damage_dealt_resisted":0,"minecraft:time_since_death":9226,"minecraft:damage_resisted":0,"minecraft:time_since_rest":8621,"minecraft:sprint_one_cm":153530,"minecraft:damage_taken":1418,"minecraft:walk_one_cm":38208,"minecraft:drop":19,"minecraft:damage_dealt":3377,"minecraft:swim_one_cm":11933,"minecraft:fly_one_cm":130913,"minecraft:crouch_one_cm":78,"minecraft:play_time":34400,"tombstone:undead_killed":11,"minecraft:deaths":2,"minecraft:sneak_time":67,"minecraft:walk_under_water_one_cm":246,"minecraft:jump":589,"minecraft:walk_on_water_one_cm":1529,"minecraft:total_world_time":34400,"minecraft:fall_one_cm":14917},"minecraft:killed_by":{"minecraft:skeleton":1,"minecraft:creeper":1},"minecraft:broken":{"minecraft:wooden_pickaxe":1},"minecraft:picked_up":{"minecraft:crafting_table":3,"minecraft:feather":2,"minecraft:chicken":3,"minecraft:leather":1,"minecraft:oak_log":9,"minecraft:string":3,"tombstone:gift":1,"minecraft:bone":6,"sushigocrafting:wasabi_seeds":1,"minecraft:bow":1,"minecraft:wheat_seeds":1,"mysticalagriculture:inferium_essence":4,"delightful:acorn":1,"eidolon:zombie_heart":1,"twigs:twig":3,"delightful:green_tea_leaf":2,"minecraft:oak_planks":8,"minecraft:egg":7,"minecraft:iron_boots":1,"minecraft:furnace":2,"scalinghealth:heart_crystal_shard":16,"thermal:strawberry_seeds":1,"potionsmaster:bezoar":1,"ars_nouveau:purple_archwood_sapling":3,"iceandfire:rotten_egg":1,"tombstone:grave_dust":1,"minecraft:trident":1,"minecraft:spider_eye":1,"eidolon:tattered_cloth":2,"minecraft:arrow":6,"minecraft:rotten_flesh":6,"immersiveengineering:seed":2,"supplementaries:ash":1,"minecraft:oak_sapling":2,"minecraft:mutton":5,"minecraft:coal":44,"minecraft:white_wool":3,"minecraft:cobblestone":63}},"DataVersion":3465}