{"stats":{"minecraft:broken":{"minecraft:wooden_axe":1},"minecraft:used":{"minecraft:stone_pickaxe":79,"minecraft:wooden_pickaxe":19,"minecraft:rotten_flesh":3,"scalinghealth:heart_crystal":1,"minecraft:crafting_table":2,"minecraft:white_bed":1,"minecraft:wooden_axe":33,"minecraft:apple":3,"minecraft:melon_slice":3,"minecraft:stone_axe":18,"minecraft:cobblestone":4,"minecraft:furnace":4,"tombstone:gift":2},"minecraft:crafted":{"minecraft:oak_planks":4,"minecraft:crafting_table":3,"minecraft:melon_slice":2,"minecraft:wooden_pickaxe":1,"crafting_on_a_stick:crafting_table":1,"minecraft:stone_axe":1,"born_in_chaos_v1:bone_heart":1,"minecraft:air":53,"alltheores:silver_ingot":2,"minecraft:stick":8,"minecraft:iron_ingot":3,"minecraft:stone_pickaxe":1,"minecraft:wooden_axe":1,"minecraft:chest":2,"minecraft:white_bed":1},"minecraft:dropped":{"minecraft:furnace":4,"minecraft:crafting_table":1,"minecraft:rotten_flesh":1,"minecraft:leather":5,"sushigocrafting:rice_seeds":1,"sophisticatedbackpacks:backpack":1,"evilcraft:poison_sac":1,"evilcraft:flesh_humanoid":1,"crafting_on_a_stick:crafting_table":2,"minecraft:dirt":1,"apotheosis:gem":1,"minecraft:oak_sapling":9,"minecraft:wooden_pickaxe":1,"immersiveengineering:seed":1,"minecraft:egg":1},"minecraft:custom":{"minecraft:interact_with_furnace":23,"minecraft:mob_kills":20,"minecraft:interact_with_crafting_table":7,"minecraft:damage_dealt_resisted":0,"minecraft:leave_game":3,"minecraft:time_since_death":0,"minecraft:sleep_in_bed":1,"minecraft:damage_resisted":45,"minecraft:time_since_rest":8981,"minecraft:sprint_one_cm":99285,"minecraft:damage_taken":2181,"minecraft:walk_one_cm":37633,"minecraft:drop":16,"minecraft:damage_dealt":2666,"minecraft:swim_one_cm":4577,"minecraft:talked_to_villager":2,"minecraft:fly_one_cm":198173,"minecraft:crouch_one_cm":4490,"minecraft:play_time":47612,"minecraft:sneak_time":1604,"tombstone:undead_killed":6,"minecraft:deaths":5,"minecraft:walk_under_water_one_cm":4058,"minecraft:jump":830,"minecraft:walk_on_water_one_cm":9669,"minecraft:total_world_time":47612,"minecraft:fall_one_cm":23715},"minecraft:killed_by":{"minecraft:skeleton":1,"minecraft:zombie":1,"born_in_chaos_v1:zombie_bruiser":3},"minecraft:mined":{"iceandfire:silver_ore":2,"minecraft:crafting_table":1,"biomesoplenty:bush":2,"alltheores:tin_ore":7,"minecraft:grass":2,"minecraft:oak_log":4,"delightful:mini_melon":2,"minecraft:stone":80,"minecraft:oak_leaves":12},"minecraft:killed":{"born_in_chaos_v1:skeleton_demoman":1,"born_in_chaos_v1:siamese_skeletonsright":1,"born_in_chaos_v1:decrepit_skeleton":1,"minecraft:sheep":4,"minecraft:skeleton":1,"minecraft:trader_llama":1,"minecraft:zombie":1,"evilcraft:poisonous_libelle":1,"born_in_chaos_v1:siamese_skeletonsleft":1,"minecraft:cow":8},"minecraft:picked_up":{"born_in_chaos_v1:fused_bone":2,"minecraft:crafting_table":1,"sushigocrafting:rice_seeds":1,"minecraft:leather":5,"minecraft:lead":1,"minecraft:oak_log":4,"minecraft:gunpowder":1,"scalinghealth:heart_crystal":1,"gtceu:aluminium_sword":1,"silentgear:sinew":3,"minecraft:dirt":1,"tombstone:gift":1,"evilcraft:poison_sac":2,"alltheores:raw_tin":7,"minecraft:bone":5,"minecraft:apple":3,"delightful:mini_melon":2,"mysticalagriculture:inferium_essence":3,"delightful:acorn":3,"minecraft:beef":17,"twigs:twig":5,"minecraft:oak_planks":134,"gtceu:aluminium_axe":1,"minecraft:furnace":8,"minecraft:egg":1,"apotheosis:gem":2,"patchouli:guide_book":1,"potionsmaster:bezoar":1,"sophisticatedbackpacks:backpack":2,"tombstone:grave_dust":2,"deepresonance:resonating_ore_deepslate":3,"crafting_on_a_stick:crafting_table":2,"minecraft:arrow":2,"minecraft:rotten_flesh":4,"immersiveengineering:seed":1,"bossominium:the_bossdexium":1,"alltheores:raw_aluminum":2,"supplementaries:ash":1,"minecraft:oak_sapling":9,"minecraft:mutton":7,"minecraft:coal":45,"minecraft:white_wool":3,"iceandfire:raw_silver":2,"minecraft:cobblestone":80}},"DataVersion":3465}