{"stats":{"minecraft:dropped":{"crafting_on_a_stick:crafting_table":2,"minecraft:dirt":1,"apotheosis:gem":1},"minecraft:mined":{"minecraft:crafting_table":1,"biomesoplenty:bush":2,"minecraft:grass":2,"minecraft:oak_log":4,"delightful:mini_melon":1,"minecraft:stone":16,"minecraft:oak_leaves":12},"minecraft:killed":{"born_in_chaos_v1:skeleton_demoman":1,"born_in_chaos_v1:siamese_skeletonsright":1,"born_in_chaos_v1:decrepit_skeleton":1,"minecraft:sheep":4,"minecraft:skeleton":1,"minecraft:trader_llama":1,"evilcraft:poisonous_libelle":1,"minecraft:zombie":1,"born_in_chaos_v1:siamese_skeletonsleft":1},"minecraft:used":{"minecraft:stone_pickaxe":6,"minecraft:wooden_pickaxe":19,"minecraft:rotten_flesh":3,"scalinghealth:heart_crystal":1,"minecraft:crafting_table":2,"minecraft:wooden_axe":33,"minecraft:stone_axe":7,"minecraft:cobblestone":4,"tombstone:gift":1},"minecraft:crafted":{"minecraft:oak_planks":4,"minecraft:crafting_table":3,"minecraft:wooden_pickaxe":1,"crafting_on_a_stick:crafting_table":1,"minecraft:stone_axe":1,"minecraft:air":34,"minecraft:stick":3,"minecraft:stone_pickaxe":1,"minecraft:wooden_axe":1},"minecraft:picked_up":{"born_in_chaos_v1:fused_bone":2,"minecraft:crafting_table":1,"sushigocrafting:rice_seeds":1,"minecraft:lead":1,"minecraft:oak_log":4,"minecraft:gunpowder":1,"scalinghealth:heart_crystal":1,"silentgear:sinew":1,"minecraft:dirt":1,"tombstone:gift":1,"evilcraft:poison_sac":1,"minecraft:bone":5,"minecraft:apple":3,"mysticalagriculture:inferium_essence":2,"delightful:acorn":3,"twigs:twig":5,"minecraft:oak_planks":71,"minecraft:egg":1,"apotheosis:gem":2,"patchouli:guide_book":1,"potionsmaster:bezoar":1,"tombstone:grave_dust":2,"deepresonance:resonating_ore_deepslate":3,"crafting_on_a_stick:crafting_table":2,"minecraft:arrow":2,"minecraft:rotten_flesh":4,"bossominium:the_bossdexium":1,"supplementaries:ash":1,"minecraft:oak_sapling":9,"minecraft:mutton":7,"minecraft:white_wool":3,"minecraft:cobblestone":16},"minecraft:broken":{"minecraft:wooden_axe":1},"minecraft:killed_by":{"minecraft:skeleton":1,"born_in_chaos_v1:zombie_bruiser":3},"minecraft:custom":{"minecraft:interact_with_furnace":5,"minecraft:mob_kills":12,"minecraft:interact_with_crafting_table":7,"minecraft:damage_dealt_resisted":0,"minecraft:time_since_death":7038,"minecraft:damage_resisted":0,"minecraft:time_since_rest":5013,"minecraft:sprint_one_cm":75383,"minecraft:damage_taken":1893,"minecraft:walk_one_cm":27333,"minecraft:drop":4,"minecraft:damage_dealt":1842,"minecraft:swim_one_cm":4577,"minecraft:talked_to_villager":2,"minecraft:fly_one_cm":144993,"minecraft:crouch_one_cm":3598,"minecraft:play_time":26165,"tombstone:undead_killed":6,"minecraft:deaths":4,"minecraft:sneak_time":1322,"minecraft:walk_under_water_one_cm":4058,"minecraft:jump":590,"minecraft:walk_on_water_one_cm":9669,"minecraft:total_world_time":26165,"minecraft:fall_one_cm":15506}},"DataVersion":3465}