{"stats":{"minecraft:used":{"minecraft:wooden_pickaxe":1,"minecraft:birch_boat":1,"minecraft:crafting_table":1,"tombstone:gift":1,"forbidden_arcanus:tentacle":1},"minecraft:killed_by":{"minecraft:zombie":1,"iceandfire:fire_dragon":1},"minecraft:picked_up":{"biomesoplenty:lavender":2,"minecraft:birch_log":6,"minecraft:crafting_table":1,"minecraft:birch_boat":1,"forbidden_arcanus:tentacle":1,"minecraft:sand":1,"croptopia:calamari":2,"minecraft:oak_log":7,"minecraft:ink_sac":3,"aquaculture:bluegill":1},"minecraft:dropped":{"minecraft:sand":1},"minecraft:mined":{"minecraft:birch_log":6,"minecraft:crafting_table":1,"minecraft:grass":1,"minecraft:oak_log":7,"minecraft:kelp":1,"minecraft:oak_leaves":2},"minecraft:custom":{"minecraft:time_since_rest":878,"minecraft:sprint_one_cm":49033,"minecraft:damage_taken":735,"minecraft:walk_one_cm":14133,"minecraft:drop":1,"minecraft:damage_dealt":74,"minecraft:interact_with_crafting_table":1,"minecraft:swim_one_cm":7099,"minecraft:fly_one_cm":71209,"minecraft:crouch_one_cm":306,"minecraft:play_time":22112,"minecraft:deaths":2,"minecraft:sneak_time":277,"minecraft:walk_under_water_one_cm":105,"minecraft:boat_one_cm":87672,"minecraft:jump":268,"minecraft:leave_game":2,"minecraft:walk_on_water_one_cm":1576,"minecraft:time_since_death":2781,"minecraft:total_world_time":22112,"minecraft:fall_one_cm":6764},"minecraft:crafted":{"minecraft:oak_planks":3,"minecraft:crafting_table":1,"minecraft:stick":4,"minecraft:wooden_pickaxe":1,"minecraft:birch_planks":6,"minecraft:air":37}},"DataVersion":3465}