{"stats":{"minecraft:used":{"minecraft:stone_sword":5,"minecraft:stone_pickaxe":9,"minecraft:wooden_pickaxe":19,"minecraft:birch_boat":1,"iceandfire:chared_dirt":4,"minecraft:wooden_sword":3,"minecraft:dirt":5,"minecraft:cobblestone":5,"minecraft:crafting_table":5,"minecraft:white_bed":1,"tombstone:gift":2,"minecraft:oak_boat":2,"minecraft:cooked_beef":2,"forbidden_arcanus:tentacle":1},"minecraft:killed_by":{"minecraft:drowned":1,"iceandfire:sea_serpent":1,"minecraft:creeper":1,"minecraft:zombie":1,"iceandfire:fire_dragon":2},"minecraft:picked_up":{"biomesoplenty:lavender":3,"minecraft:birch_log":6,"occultism:datura_seeds":1,"minecraft:crafting_table":3,"minecraft:birch_boat":1,"forbidden_arcanus:tentacle":1,"sushigocrafting:cucumber_seeds":2,"biomesoplenty:jacaranda_sapling":1,"minecraft:sand":1,"croptopia:calamari":2,"minecraft:oak_log":14,"minecraft:ink_sac":3,"minecraft:dirt":8,"biomesoplenty:jacaranda_log":4,"thermal:peanut_seeds":1,"biomesoplenty:tall_lavender":10,"immersiveengineering:seed":1,"minecraft:wheat_seeds":1,"aquaculture:bluegill":1,"iceandfire:chared_dirt":4,"twigs:twig":7,"minecraft:oak_planks":3,"minecraft:white_wool":7,"minecraft:cobblestone":22},"minecraft:dropped":{"minecraft:wheat":1,"minecraft:sand":1},"minecraft:mined":{"minecraft:birch_log":7,"minecraft:fire":1,"biomesoplenty:lavender":1,"minecraft:crafting_table":3,"minecraft:grass":2,"minecraft:grass_block":3,"minecraft:oak_log":14,"minecraft:dirt":5,"iceandfire:chared_dirt":4,"minecraft:stone":23,"minecraft:kelp":1,"minecraft:oak_leaves":2,"minecraft:fern":1},"minecraft:custom":{"minecraft:time_since_rest":670,"lootr:looted_stat":5,"minecraft:sprint_one_cm":98202,"minecraft:damage_taken":2475,"minecraft:walk_one_cm":37723,"minecraft:drop":2,"minecraft:damage_dealt":137,"minecraft:interact_with_crafting_table":16,"minecraft:swim_one_cm":13360,"minecraft:fly_one_cm":150649,"minecraft:crouch_one_cm":8294,"minecraft:play_time":46112,"minecraft:deaths":6,"minecraft:sneak_time":4245,"minecraft:walk_under_water_one_cm":678,"minecraft:boat_one_cm":87672,"minecraft:jump":590,"minecraft:leave_game":2,"minecraft:walk_on_water_one_cm":5628,"minecraft:time_since_death":1502,"minecraft:sleep_in_bed":1,"minecraft:total_world_time":46112,"minecraft:fall_one_cm":13086},"minecraft:crafted":{"minecraft:wooden_sword":1,"minecraft:oak_boat":2,"minecraft:oak_planks":14,"minecraft:crafting_table":4,"minecraft:stick":6,"minecraft:wooden_pickaxe":2,"minecraft:stone_pickaxe":1,"minecraft:stone_sword":1,"minecraft:furnace":1,"minecraft:white_bed":1,"minecraft:birch_planks":6,"minecraft:air":99}},"DataVersion":3465}