{"stats":{"minecraft:used":{"minecraft:wooden_pickaxe":1,"minecraft:birch_boat":1,"minecraft:crafting_table":4,"tombstone:gift":2,"minecraft:oak_boat":2,"forbidden_arcanus:tentacle":1},"minecraft:killed_by":{"minecraft:drowned":1,"minecraft:creeper":1,"minecraft:zombie":1,"iceandfire:fire_dragon":1},"minecraft:picked_up":{"biomesoplenty:lavender":2,"minecraft:birch_log":6,"minecraft:crafting_table":2,"minecraft:birch_boat":1,"forbidden_arcanus:tentacle":1,"minecraft:sand":1,"croptopia:calamari":2,"minecraft:oak_log":10,"minecraft:ink_sac":3,"aquaculture:bluegill":1},"minecraft:dropped":{"minecraft:sand":1},"minecraft:mined":{"minecraft:birch_log":7,"minecraft:crafting_table":2,"minecraft:grass":1,"minecraft:oak_log":10,"minecraft:kelp":1,"minecraft:oak_leaves":2},"minecraft:custom":{"minecraft:time_since_rest":2622,"lootr:looted_stat":1,"minecraft:sprint_one_cm":73878,"minecraft:damage_taken":1255,"minecraft:walk_one_cm":24256,"minecraft:drop":1,"minecraft:damage_dealt":74,"minecraft:interact_with_crafting_table":7,"minecraft:swim_one_cm":7099,"minecraft:fly_one_cm":106523,"minecraft:crouch_one_cm":430,"minecraft:play_time":34112,"minecraft:deaths":4,"minecraft:sneak_time":366,"minecraft:walk_under_water_one_cm":105,"minecraft:boat_one_cm":87672,"minecraft:jump":402,"minecraft:leave_game":2,"minecraft:walk_on_water_one_cm":1576,"minecraft:time_since_death":3499,"minecraft:total_world_time":34112,"minecraft:fall_one_cm":9221},"minecraft:crafted":{"minecraft:wooden_sword":1,"minecraft:oak_boat":2,"minecraft:oak_planks":10,"minecraft:crafting_table":3,"minecraft:stick":5,"minecraft:wooden_pickaxe":1,"minecraft:birch_planks":6,"minecraft:air":73}},"DataVersion":3465}