{"stats":{"minecraft:dropped":{"apotheosis:gem":1},"minecraft:mined":{"minecraft:grass":1,"biomesoplenty:bush":2,"minecraft:oak_log":3,"minecraft:oak_leaves":7},"minecraft:crafted":{"minecraft:oak_planks":3,"minecraft:crafting_table":1,"minecraft:stick":1,"minecraft:wooden_pickaxe":1,"minecraft:wooden_axe":1,"minecraft:air":19},"minecraft:used":{"minecraft:wooden_axe":17,"scalinghealth:heart_crystal":1,"minecraft:crafting_table":1},"minecraft:killed":{"minecraft:skeleton":1,"minecraft:zombie":1,"evilcraft:poisonous_libelle":1,"born_in_chaos_v1:siamese_skeletonsright":1,"born_in_chaos_v1:siamese_skeletonsleft":1,"born_in_chaos_v1:decrepit_skeleton":1},"minecraft:picked_up":{"born_in_chaos_v1:fused_bone":2,"apotheosis:gem":2,"sushigocrafting:rice_seeds":1,"patchouli:guide_book":1,"minecraft:oak_log":3,"tombstone:grave_dust":2,"scalinghealth:heart_crystal":1,"deepresonance:resonating_ore_deepslate":3,"evilcraft:poison_sac":1,"minecraft:bone":2,"minecraft:rotten_flesh":4,"minecraft:apple":2,"bossominium:the_bossdexium":1,"delightful:acorn":2,"supplementaries:ash":1,"minecraft:oak_sapling":7,"twigs:twig":2},"minecraft:killed_by":{"minecraft:skeleton":1,"born_in_chaos_v1:zombie_bruiser":1},"minecraft:custom":{"minecraft:time_since_rest":1,"minecraft:sprint_one_cm":34514,"minecraft:damage_taken":820,"minecraft:walk_one_cm":11704,"minecraft:mob_kills":6,"minecraft:drop":1,"minecraft:damage_dealt":676,"minecraft:interact_with_crafting_table":6,"minecraft:fly_one_cm":61708,"minecraft:crouch_one_cm":384,"minecraft:play_time":14165,"tombstone:undead_killed":5,"minecraft:deaths":2,"minecraft:sneak_time":227,"minecraft:damage_dealt_resisted":0,"minecraft:jump":248,"minecraft:time_since_death":339,"minecraft:walk_on_water_one_cm":3237,"minecraft:total_world_time":14165,"minecraft:damage_resisted":0,"minecraft:fall_one_cm":7164}},"DataVersion":3465}